Nucleotide,Frequency
A,0.43946188340807174
C,0.24663677130044842
T,0.13901345291479822
G,0.17488789237668162
