,Base:Mut,Freq
0,A:C,0.7708333333333334
1,A:G,0.6875
2,A:U,0.8125
3,C:A,0.7708333333333334
4,C:G,0.8333333333333334
5,C:U,0.625
6,G:A,0.6875
7,G:C,0.8333333333333334
8,G:U,0.8333333333333334
9,U:A,0.8125
10,U:C,0.625
11,U:G,0.8333333333333334
