Nucleotide,Frequency
A,0.29943483931378123
C,0.18366050229074005
T,0.32083737417650404
G,0.19606728421897468
